{"cameraMode":{"drawMode":0,"name":"Shaded","section":"Shading Mode"},"sceneLighting":true,"audioPlay":false,"sceneViewState":{"showFog":true,"showMaterialUpdate":false,"showSkybox":true,"showFlares":true,"showImageEffects":true,"showParticleSystems":true},"in2DMode":false,"pivot":{"x":1.0508159399032593,"y":0.5053635239601135,"z":-5.593930244445801},"rotation":{"x":0.19665347039699555,"y":-0.02323831431567669,"z":0.004662311635911465,"w":0.9801869988441467},"size":6.138123512268066,"orthographic":true}